feature	coefficient
dr_sleep0	-0.27617893267340815
dr_sleep1	3.6514697327200564e-16
