Method	Training RMSE	Test RMSE
Ordinary Lease Squares	5.582152920550141	4.095324290528857
Ridge	4.20170262150334	4.124708372500973
Lasso	4.210207588881212	4.1613810780480485
Elastic Net Regression	4.20170262150334	4.124708372500973
Decision Tree	4.3852687273687305	4.4532067205722266
Random Forest	1.7596724723207502	4.356426865864594
Boosted Model	3.5948293315071633	4.001890044125293
