Method	Training RMSE	Test RMSE
Ordinary Lease Squares	3.83463188088652	4.095324290528857
Ridge	4.20170262150334	4.124708372500973
Lasso	4.210207588881212	4.1613810780480485
Elastic Net Regression	4.20170262150334	4.124708372500973
Random Forest	1.8848412403554695	4.24010980969453
Boosted Model	3.5948293315071633	4.001890044125293
