Method	Test RMSE	Training RMSE
Ordinary Lease Squares	4.0719530147577485	3.9676891566727552
Ridge	4.278394279052288	4.338245731194971
Lasso	4.229945043999983	4.322090219408745
Elastic Net Regression	4.255180023933003	4.36858371020225
Decision Tree	4.222021244839075	4.23610057511889
Random Forest	4.199203233910689	1.8487672484431326
Boosted Model	4.034692580095777	3.882016058537815
